order_id,date,product,quantity,price,region,customer_name,status,revenue
ORD0001,2024-03-17,Laptop,9,701.4,South,François Müller,Pending,6312.6
ORD0002,2024-10-06,Mouse,10,381.91,South,François Müller,Cancelled,3819.1
ORD0003,2023-10-25,Webcam,1,34.31,West,John Smith,Pending,34.31
ORD0004,2024-03-19,Mouse,4,819.22,North,Unknown,Cancelled,3276.88
ORD0005,2023-06-05,Keyboard,6,203.36,North,María García,,1220.16
ORD0006,2023-02-04,Headphones,9,855.62,East,André Silva,Cancelled,7700.58
ORD0007,2023-01-17,Headphones,3,899.95,South,Unknown,Pending,2699.85
ORD0008,2024-03-08,Mouse,5,962.67,West,María García,,4813.35
ORD0009,2023-05-20,Headphones,10,320.46,West,André Silva,Cancelled,3204.6
ORD0010,2023-12-15,Monitor,10,592.72,North,André Silva,,5927.2
ORD0011,2023-02-12,Mouse,1,23.76,South,Unknown,Pending,23.76
ORD0012,2023-06-24,Monitor,3,638.57,East,Unknown,Cancelled,1915.71
ORD0013,2024-08-25,Laptop,7,286.48,West,Unknown,,2005.36
ORD0014,2024-06-22,Monitor,8,477.58,West,Unknown,,3820.64
ORD0015,2024-12-09,Keyboard,8,444.24,South,Unknown,Completed,3553.92
ORD0016,2024-01-14,Monitor,9,563.61,West,Unknown,Cancelled,5072.49
ORD0017,2023-09-09,Mouse,9,849.66,South,Unknown,,7646.94
ORD0018,2023-12-06,Webcam,9,596.69,North,Unknown,Pending,5370.21
ORD0019,2024-06-02,Keyboard,10,155.86,South,Unknown,Cancelled,1558.6
ORD0020,2023-11-16,Headphones,7,600.73,West,Unknown,Pending,4205.11
ORD0021,2023-10-26,Laptop,2,799.0,West,Unknown,Pending,1598.0
ORD0022,2024-05-13,Keyboard,10,897.8,East,André Silva,Pending,8978.0
ORD0023,2024-05-28,Laptop,9,447.9,South,François Müller,,4031.1
ORD0024,2024-04-19,Headphones,9,740.24,North,François Müller,Cancelled,6662.16
ORD0025,2023-05-17,Mouse,10,854.04,North,André Silva,,8540.4
ORD0026,2024-02-08,Mouse,6,338.69,West,John Smith,,2032.14
ORD0027,2024-10-24,Webcam,6,970.27,East,François Müller,Completed,5821.62
ORD0028,2024-02-25,Keyboard,7,643.48,West,John Smith,Pending,4504.36
ORD0029,2024-09-24,Monitor,6,535.25,East,André Silva,Completed,3211.5
ORD0030,2023-02-21,Mouse,8,736.18,West,John Smith,Pending,5889.44
ORD0031,2023-11-17,Monitor,1,342.5,South,François Müller,,3082.5
ORD0032,2023-11-19,Mouse,1,835.49,North,María García,Cancelled,5012.94
ORD0033,2023-08-15,Headphones,1,204.85,North,François Müller,,1229.1
ORD0034,2024-07-18,Headphones,1,54.35,West,François Müller,Completed,489.15
ORD0035,2023-09-06,Webcam,1,254.36,North,André Silva,Cancelled,1271.8
ORD0036,2023-05-11,Monitor,1,529.73,West,André Silva,,5297.3
ORD0037,2023-05-20,Webcam,8,503.64,South,François Müller,,4029.12
ORD0038,2024-12-10,Monitor,1,844.39,North,François Müller,Pending,844.39
ORD0039,2024-01-17,Laptop,10,141.2,South,Unknown,Pending,1412.0
ORD0040,2024-11-17,Monitor,8,789.16,South,André Silva,,6313.28
ORD0041,2023-10-01,Laptop,1,163.19,West,François Müller,Cancelled,163.19
ORD0042,2024-07-05,Headphones,6,16.67,North,Unknown,Pending,100.02
ORD0043,2023-05-11,Monitor,8,425.75,East,María García,,3406.0
ORD0044,2024-02-12,Keyboard,9,996.24,East,María García,Pending,8966.16
ORD0045,2024-02-22,Monitor,3,24.65,South,Unknown,,73.95
ORD0046,2024-10-19,Headphones,10,162.85,West,María García,Pending,1628.5
ORD0047,2024-01-17,Laptop,2,548.42,South,François Müller,Pending,1096.84
ORD0048,2024-09-05,Headphones,5,293.14,East,John Smith,Pending,1465.7
ORD0049,2023-09-09,Headphones,2,487.64,South,François Müller,,975.28
ORD0050,2023-09-20,Laptop,3,336.36,West,Unknown,Pending,1009.08
ORD0051,2023-10-28,Monitor,8,966.65,West,Unknown,Pending,7733.2
ORD0052,2024-05-12,Mouse,6,97.19,North,Unknown,,583.14
ORD0053,2024-07-22,Headphones,6,782.58,West,François Müller,,4695.48
ORD0054,2023-03-07,Headphones,6,241.89,South,María García,Pending,1451.34
ORD0055,2024-01-25,Monitor,1,258.03,North,François Müller,Pending,258.03
ORD0056,2023-01-04,Webcam,10,313.62,East,François Müller,Completed,3136.2
ORD0057,2024-07-01,Mouse,3,252.31,North,John Smith,Cancelled,756.93
ORD0058,2024-01-01,Headphones,1,450.96,North,André Silva,Completed,450.96
ORD0059,2024-03-25,Webcam,4,559.49,South,François Müller,Cancelled,2237.96
ORD0060,2023-12-11,Webcam,1,142.16,East,Unknown,Pending,142.16
ORD0061,2023-06-12,Monitor,2,493.5,North,John Smith,,987.0
ORD0062,2023-09-30,Monitor,5,133.42,East,Unknown,,667.1
ORD0063,2024-09-02,Laptop,1,823.11,South,André Silva,Completed,823.11
ORD0064,2024-12-21,Webcam,2,985.1,East,María García,Pending,1970.2
ORD0065,2023-10-21,Webcam,6,31.72,South,François Müller,,190.32
ORD0066,2023-11-22,Headphones,7,585.76,East,María García,,4100.32
ORD0067,2024-11-27,Webcam,3,166.15,West,Unknown,,498.45
ORD0068,2023-04-03,Headphones,3,969.31,West,François Müller,Pending,2907.93
ORD0069,2024-09-08,Laptop,8,351.04,East,María García,Cancelled,2808.32
ORD0070,2024-01-23,Mouse,5,234.22,North,John Smith,Completed,1171.1
ORD0071,2023-12-12,Monitor,2,285.09,West,John Smith,Completed,570.18
ORD0072,2024-06-29,Laptop,1,361.81,East,François Müller,Completed,361.81
ORD0073,2023-06-27,Laptop,2,991.13,South,John Smith,Pending,1982.26
ORD0074,2023-05-30,Laptop,5,727.42,North,María García,,3637.1
ORD0075,2023-07-30,Laptop,8,535.11,West,François Müller,Pending,4280.88
ORD0076,2023-07-02,Monitor,5,63.34,North,John Smith,Completed,316.7
ORD0077,2023-10-23,Mouse,7,800.05,South,André Silva,Pending,5600.35
ORD0078,2023-06-14,Monitor,3,36.93,East,Unknown,,110.79
ORD0079,2024-12-12,Laptop,5,189.16,West,María García,Cancelled,945.8
ORD0080,2023-12-04,Webcam,10,404.21,South,John Smith,Completed,4042.1
ORD0081,2024-02-25,Mouse,2,198.57,South,María García,Cancelled,397.14
ORD0082,2024-08-27,Headphones,2,85.45,South,Unknown,Cancelled,170.9
ORD0083,2024-10-18,Webcam,9,784.33,West,María García,Pending,7058.97
ORD0084,2023-07-03,Laptop,7,47.36,South,John Smith,Completed,331.52
ORD0085,2024-01-10,Mouse,10,56.32,North,André Silva,Cancelled,563.2
ORD0086,2023-07-20,Monitor,7,150.96,North,María García,Pending,1056.72
ORD0087,2024-08-07,Monitor,3,359.51,South,François Müller,,1078.53
ORD0088,2024-07-26,Webcam,2,964.79,North,André Silva,Pending,1929.58
ORD0089,2024-06-09,Headphones,10,473.24,North,John Smith,Pending,4732.4
ORD0090,2023-05-18,Headphones,10,328.84,West,André Silva,Cancelled,3288.4
ORD0091,2024-01-09,Webcam,6,778.7,East,María García,Completed,4672.2
ORD0092,2024-06-03,Laptop,7,118.05,West,Unknown,Completed,826.35
ORD0093,2024-03-10,Mouse,9,160.29,West,François Müller,Pending,1442.61
ORD0094,2023-05-10,Mouse,8,597.42,West,John Smith,,4779.36
ORD0095,2024-12-19,Mouse,2,176.74,East,María García,,353.48
ORD0096,2024-06-11,Monitor,9,983.78,East,François Müller,Cancelled,8854.02
ORD0097,2023-01-16,Monitor,6,382.45,North,André Silva,Pending,2294.7
ORD0098,2023-05-27,Webcam,3,824.84,East,François Müller,Pending,2474.52
ORD0099,2023-01-26,Laptop,6,492.4,South,John Smith,Cancelled,2954.4
ORD0100,2023-10-18,Mouse,4,647.59,South,John Smith,Completed,2590.36
ORD0101,2023-06-19,Keyboard,8,487.21,South,John Smith,Cancelled,3897.68
ORD0102,2024-01-30,Mouse,3,989.8,West,André Silva,Pending,2969.4
ORD0103,2023-03-22,Webcam,9,426.08,West,François Müller,Cancelled,3834.72
ORD0104,2024-09-02,Webcam,3,815.63,North,María García,Cancelled,2446.89
ORD0105,2023-04-08,Laptop,7,641.6,North,André Silva,Pending,4491.2
ORD0106,2023-06-13,Mouse,8,511.88,East,François Müller,Completed,4095.04
ORD0107,2023-08-19,Laptop,7,40.54,South,André Silva,Completed,283.78
ORD0108,2024-08-23,Laptop,3,894.34,South,John Smith,Cancelled,2683.02
ORD0109,2024-12-04,Webcam,6,274.53,East,María García,Cancelled,1647.18
ORD0110,2023-07-14,Webcam,4,824.44,West,André Silva,,3297.76
ORD0111,2023-04-24,Laptop,4,75.05,South,John Smith,Pending,300.2
ORD0112,2023-01-19,Webcam,5,304.45,North,María García,Cancelled,1522.25
ORD0113,2024-06-15,Laptop,10,166.85,West,John Smith,Pending,1668.5
ORD0114,2023-05-07,Keyboard,10,459.05,East,André Silva,,4590.5
ORD0115,2024-09-15,Webcam,4,934.1,West,María García,Pending,3736.4
ORD0116,2024-06-04,Mouse,4,130.07,North,John Smith,Cancelled,520.28
ORD0117,2024-04-22,Laptop,8,224.18,North,John Smith,Pending,1793.44
ORD0118,2024-06-04,Monitor,7,707.6,West,François Müller,Completed,4953.2
ORD0119,2024-10-26,Mouse,6,236.38,North,François Müller,,1418.28
ORD0120,2024-03-15,Webcam,7,578.33,North,María García,Pending,4048.31
ORD0121,2024-10-19,Keyboard,1,121.07,West,François Müller,Pending,121.07
ORD0122,2023-03-14,Webcam,1,115.56,South,María García,,115.56
ORD0123,2023-07-26,Mouse,7,659.23,North,André Silva,Completed,4614.61
ORD0124,2024-11-21,Headphones,1,622.2,South,John Smith,Cancelled,622.2
ORD0125,2023-06-20,Monitor,10,982.72,North,John Smith,Pending,9827.2
ORD0126,2024-08-18,Mouse,7,660.37,North,André Silva,,4622.59
ORD0127,2024-09-10,Webcam,9,646.55,East,François Müller,Cancelled,5818.95
ORD0128,2023-03-14,Headphones,10,728.95,South,John Smith,Cancelled,7289.5
ORD0129,2024-01-29,Mouse,7,892.48,East,François Müller,,6247.36
ORD0130,2024-02-20,Keyboard,10,273.77,North,John Smith,Completed,2737.7
ORD0131,2023-04-18,Mouse,5,304.55,East,María García,Pending,1522.75
ORD0132,2023-01-31,Mouse,7,894.74,South,André Silva,Cancelled,6263.18
ORD0133,2023-11-18,Monitor,2,941.21,South,John Smith,Cancelled,1882.42
ORD0134,2024-09-02,Headphones,3,659.35,North,María García,Cancelled,1978.05
ORD0135,2024-09-07,Mouse,10,397.82,South,María García,Cancelled,3978.2
ORD0136,2023-11-16,Keyboard,6,234.52,North,André Silva,Cancelled,1407.12
ORD0137,2024-05-15,Webcam,8,171.32,East,André Silva,Completed,1370.56
ORD0138,2023-10-13,Monitor,4,513.05,South,John Smith,,2052.2
ORD0139,2023-02-25,Mouse,3,712.35,North,María García,Completed,2137.05
ORD0140,2023-04-30,Headphones,10,597.94,South,John Smith,Cancelled,5979.4
ORD0141,2024-06-13,Monitor,6,96.85,West,Unknown,Pending,581.1
ORD0142,2024-01-05,Keyboard,6,130.24,East,John Smith,Pending,781.44
ORD0143,2024-08-10,Keyboard,1,712.99,North,François Müller,Pending,712.99
ORD0144,2023-04-16,Webcam,8,547.26,South,Unknown,,4378.08
ORD0145,2024-05-08,Mouse,9,535.2,West,François Müller,Completed,4816.8
ORD0146,2023-07-24,Laptop,2,625.65,West,María García,Pending,1251.3
ORD0147,2023-04-24,Webcam,1,875.78,North,André Silva,,875.78
ORD0148,2023-06-13,Webcam,5,326.27,South,André Silva,Pending,1631.35
ORD0149,2024-01-18,Mouse,3,789.28,West,François Müller,,2367.84
ORD0150,2023-01-15,Laptop,8,623.66,South,François Müller,,4989.28
ORD0151,2023-01-03,Webcam,9,170.41,East,John Smith,,1533.69
ORD0152,2024-09-10,Keyboard,3,959.51,East,André Silva,Completed,2878.53
ORD0153,2024-10-02,Webcam,3,99.96,West,François Müller,Cancelled,299.88
ORD0154,2023-05-14,Monitor,4,491.19,North,Unknown,,1964.76
ORD0155,2024-04-19,Laptop,3,150.42,South,María García,,451.26
ORD0156,2023-08-25,Webcam,3,530.9,East,François Müller,Pending,1592.7
ORD0157,2023-06-25,Laptop,8,656.31,East,María García,Pending,5250.48
ORD0158,2024-11-24,Laptop,6,946.16,North,Unknown,Completed,5676.96
ORD0159,2023-08-18,Keyboard,4,904.86,West,François Müller,Pending,3619.44
ORD0160,2024-01-26,Mouse,9,748.41,North,María García,Cancelled,6735.69
ORD0161,2024-01-31,Headphones,2,81.53,East,John Smith,Completed,163.06
ORD0162,2023-04-04,Monitor,10,445.02,South,John Smith,,4450.2
ORD0163,2023-01-18,Webcam,8,888.79,South,John Smith,,7110.32
ORD0164,2024-02-11,Keyboard,10,353.71,North,André Silva,,3537.1
ORD0165,2024-02-21,Keyboard,10,31.66,East,François Müller,,316.6
ORD0166,2024-06-16,Keyboard,6,46.22,North,María García,Pending,277.32
ORD0167,2024-07-15,Mouse,4,102.33,East,André Silva,,409.32
ORD0168,2024-11-25,Webcam,4,414.91,West,John Smith,Cancelled,1659.64
ORD0169,2024-12-22,Laptop,3,656.58,North,Unknown,Completed,1969.74
ORD0170,2024-06-21,Mouse,2,194.48,North,André Silva,Cancelled,388.96
ORD0171,2024-11-15,Keyboard,2,558.76,East,John Smith,Pending,1117.52
ORD0172,2023-08-15,Headphones,8,843.46,South,Unknown,Cancelled,6747.68
ORD0173,2023-03-31,Webcam,2,397.56,East,María García,Completed,795.12
ORD0174,2023-01-30,Monitor,10,637.02,North,John Smith,Completed,6370.2
ORD0175,2023-01-26,Headphones,5,700.37,South,André Silva,,3501.85
ORD0176,2023-05-11,Monitor,4,15.33,South,María García,Cancelled,61.32
ORD0177,2023-11-08,Headphones,3,197.7,North,María García,Cancelled,593.1
ORD0178,2024-12-10,Mouse,6,404.45,North,John Smith,Pending,2426.7
ORD0179,2023-11-03,Headphones,6,917.73,North,John Smith,Pending,5506.38
ORD0180,2024-07-31,Webcam,8,914.93,South,Unknown,Pending,7319.44
ORD0181,2024-09-21,Keyboard,8,937.28,East,François Müller,Pending,7498.24
ORD0182,2023-01-06,Laptop,10,429.67,East,María García,Completed,4296.7
ORD0183,2024-07-21,Monitor,4,339.95,South,María García,,1359.8
ORD0184,2024-11-11,Headphones,7,370.41,North,John Smith,,2592.87
ORD0185,2023-01-10,Headphones,5,355.66,South,Unknown,Cancelled,1778.3
ORD0186,2024-04-22,Monitor,3,46.57,West,François Müller,Cancelled,139.71
ORD0187,2023-10-28,Laptop,4,448.47,West,John Smith,Cancelled,1793.88
ORD0188,2024-08-15,Headphones,7,902.73,South,François Müller,Pending,6319.11
ORD0189,2023-05-03,Laptop,1,920.07,North,John Smith,Completed,920.07
ORD0190,2023-01-13,Monitor,8,756.41,West,María García,Completed,6051.28
ORD0191,2023-11-17,Webcam,9,850.67,North,André Silva,Pending,7656.03
ORD0192,2024-12-26,Monitor,4,319.16,North,Unknown,Completed,1276.64
ORD0193,2024-07-31,Keyboard,6,875.89,East,François Müller,Pending,5255.34
ORD0194,2023-06-09,Keyboard,5,880.45,East,Unknown,,4402.25
ORD0195,2023-12-17,Laptop,7,231.27,East,François Müller,Pending,1618.89
ORD0196,2024-02-04,Keyboard,1,485.09,East,André Silva,Cancelled,485.09
ORD0197,2024-12-13,Headphones,8,515.15,East,María García,Pending,4121.2
ORD0198,2023-02-11,Mouse,3,262.09,West,François Müller,Completed,786.27
ORD0199,2023-06-16,Webcam,5,95.4,South,María García,Pending,477.0
ORD0200,2024-05-04,Webcam,2,50.66,East,María García,Completed,101.32
ORD0201,2023-02-24,Keyboard,6,644.55,South,François Müller,,3867.3
ORD0202,2023-12-03,Laptop,5,239.13,South,François Müller,Completed,1195.65
ORD0203,2024-01-06,Webcam,1,781.0,South,André Silva,,781.0
ORD0204,2024-05-26,Monitor,9,420.54,North,Unknown,Completed,3784.86
ORD0205,2024-07-06,Headphones,8,512.6,West,Unknown,,4100.8
ORD0206,2024-02-29,Laptop,4,203.73,East,François Müller,Pending,814.92
ORD0207,2024-09-14,Mouse,8,351.14,West,Unknown,Cancelled,2809.12
ORD0208,2024-10-20,Webcam,1,625.17,East,María García,Cancelled,625.17
ORD0209,2024-05-19,Laptop,3,96.19,West,Unknown,Pending,288.57
ORD0210,2023-04-10,Keyboard,4,772.96,West,John Smith,,3091.84
ORD0211,2023-05-02,Webcam,5,795.92,North,François Müller,Cancelled,3979.6
ORD0212,2024-12-31,Keyboard,7,650.26,South,François Müller,Pending,4551.82
ORD0213,2024-11-07,Webcam,6,466.51,North,John Smith,Cancelled,2799.06
ORD0214,2024-04-11,Laptop,1,556.68,East,John Smith,Cancelled,556.68
ORD0215,2024-06-22,Mouse,6,166.45,East,André Silva,Completed,998.7
ORD0216,2023-11-27,Headphones,8,578.9,South,François Müller,,4631.2
ORD0217,2023-10-13,Mouse,3,903.67,East,François Müller,Completed,2711.01
ORD0218,2024-05-12,Headphones,8,58.14,North,François Müller,Cancelled,465.12
ORD0219,2024-11-25,Monitor,5,712.22,South,François Müller,,3561.1
ORD0220,2024-10-13,Webcam,10,17.94,North,John Smith,,179.4
ORD0221,2023-09-17,Headphones,3,532.67,West,André Silva,Pending,1598.01
ORD0222,2024-02-01,Monitor,2,76.71,West,Unknown,Completed,153.42
ORD0223,2023-05-30,Monitor,3,607.83,West,John Smith,Pending,1823.49
ORD0224,2023-08-18,Mouse,8,540.96,North,Unknown,,4327.68
ORD0225,2024-09-05,Keyboard,9,198.05,East,Unknown,Completed,1782.45
ORD0226,2023-04-08,Webcam,5,452.18,South,John Smith,Pending,2260.9
ORD0227,2023-09-18,Laptop,2,796.59,North,María García,Completed,1593.18
ORD0228,2024-08-23,Webcam,9,60.94,South,María García,,548.46
ORD0229,2024-05-10,Laptop,2,313.91,West,François Müller,,627.82
ORD0230,2024-03-09,Mouse,10,723.82,South,María García,,7238.2
ORD0231,2023-02-04,Laptop,1,709.0,West,André Silva,Pending,709.0
ORD0232,2023-09-02,Monitor,9,60.65,East,Unknown,Pending,545.85
ORD0233,2024-06-28,Mouse,5,691.77,West,John Smith,Pending,3458.85
ORD0234,2023-01-05,Headphones,10,334.26,West,Unknown,,3342.6
ORD0235,2024-07-09,Mouse,7,415.87,North,Unknown,Completed,2911.09
ORD0236,2023-12-26,Mouse,1,230.85,South,Unknown,Completed,230.85
ORD0237,2024-04-06,Headphones,3,354.37,East,François Müller,Completed,1063.11
ORD0238,2024-06-20,Monitor,7,278.62,North,John Smith,Cancelled,1950.34
ORD0239,2024-05-25,Laptop,5,14.79,South,André Silva,Cancelled,73.95
ORD0240,2024-10-15,Webcam,8,338.4,East,Unknown,Completed,2707.2
ORD0241,2024-03-29,Monitor,8,783.17,South,Unknown,,6265.36
ORD0242,2023-01-26,Monitor,3,417.76,East,François Müller,Completed,1253.28
ORD0243,2023-10-11,Headphones,6,733.96,East,François Müller,Completed,4403.76
ORD0244,2024-05-30,Headphones,2,739.64,East,John Smith,,1479.28
ORD0245,2023-07-08,Mouse,10,308.51,East,François Müller,Cancelled,3085.1
ORD0246,2024-12-16,Mouse,4,238.24,South,Unknown,Completed,952.96
ORD0247,2023-01-13,Headphones,1,444.81,East,María García,Cancelled,444.81
ORD0248,2023-08-16,Webcam,5,642.77,West,François Müller,Cancelled,3213.85
ORD0249,2023-12-20,Mouse,2,456.87,East,Unknown,Completed,913.74
ORD0250,2024-10-20,Headphones,1,558.11,West,John Smith,,558.11
ORD0251,2024-08-07,Webcam,5,180.08,North,François Müller,Pending,900.4
ORD0252,2023-12-15,Headphones,6,525.89,North,María García,Pending,3155.34
ORD0253,2023-04-24,Mouse,9,486.64,North,François Müller,Pending,4379.76
ORD0254,2024-03-04,Mouse,2,218.48,East,François Müller,Cancelled,436.96
ORD0255,2024-05-25,Mouse,4,677.08,South,Unknown,Cancelled,2708.32
ORD0256,2023-05-14,Mouse,5,531.12,West,María García,Pending,2655.6
ORD0257,2024-12-31,Laptop,5,561.56,South,André Silva,Completed,2807.8
ORD0258,2023-06-20,Mouse,4,694.99,North,John Smith,Cancelled,2779.96
ORD0259,2024-09-22,Headphones,2,236.89,West,François Müller,Completed,473.78
ORD0260,2023-09-07,Headphones,4,255.14,East,María García,,1020.56
ORD0261,2024-05-17,Mouse,7,798.8,East,María García,Pending,5591.6
ORD0262,2024-06-23,Keyboard,6,964.32,South,Unknown,Cancelled,5785.92
ORD0263,2024-06-02,Mouse,7,149.5,West,André Silva,Pending,1046.5
ORD0264,2024-01-29,Monitor,5,322.86,South,André Silva,Cancelled,1614.3
ORD0265,2024-12-13,Mouse,5,546.06,East,André Silva,,2730.3
ORD0266,2023-02-22,Laptop,6,85.61,North,François Müller,,513.66
ORD0267,2024-08-09,Laptop,6,838.39,East,María García,Pending,5030.34
ORD0268,2023-04-20,Webcam,8,810.54,East,François Müller,Cancelled,6484.32
ORD0269,2024-07-03,Laptop,10,954.2,East,Unknown,,9542.0
ORD0270,2023-12-28,Keyboard,1,620.06,North,Unknown,Cancelled,620.06
ORD0271,2024-12-05,Webcam,6,818.55,North,María García,Pending,4911.3
ORD0272,2024-07-05,Webcam,7,727.76,South,María García,Completed,5094.32
ORD0273,2024-04-27,Headphones,1,124.96,South,Unknown,Pending,124.96
ORD0274,2024-10-10,Mouse,4,921.66,West,Unknown,Pending,3686.64
ORD0275,2024-09-16,Headphones,4,236.99,West,André Silva,Pending,947.96
ORD0276,2023-09-27,Mouse,6,266.56,South,Unknown,Pending,1599.36
ORD0277,2023-09-20,Webcam,3,617.62,East,Unknown,Completed,1852.86
ORD0278,2024-01-27,Headphones,3,55.89,South,John Smith,Completed,167.67
ORD0279,2024-05-29,Laptop,3,813.87,West,André Silva,Cancelled,2441.61
ORD0280,2023-01-09,Monitor,2,630.84,West,María García,Cancelled,1261.68
ORD0281,2023-12-06,Webcam,10,515.45,East,María García,Cancelled,5154.5
ORD0282,2024-03-02,Headphones,6,508.51,North,André Silva,Pending,3051.06
ORD0283,2024-11-04,Webcam,8,930.65,North,John Smith,Completed,7445.2
ORD0284,2024-10-19,Webcam,1,887.88,East,María García,Completed,887.88
ORD0285,2024-05-13,Monitor,8,251.71,South,Unknown,,2013.68
ORD0286,2024-02-07,Keyboard,4,981.74,North,Unknown,,3926.96
ORD0287,2024-05-18,Mouse,4,743.87,South,John Smith,,2975.48
ORD0288,2023-09-18,Monitor,10,65.95,North,François Müller,,659.5
ORD0289,2023-01-11,Keyboard,9,394.32,South,María García,Completed,3548.88
ORD0290,2024-09-14,Laptop,8,785.48,West,Unknown,Pending,6283.84
ORD0291,2024-07-06,Monitor,4,624.58,North,María García,Pending,2498.32
ORD0292,2024-10-16,Mouse,1,238.77,East,María García,Pending,238.77
ORD0293,2024-02-07,Monitor,10,506.46,West,André Silva,Completed,5064.6
ORD0294,2024-07-19,Keyboard,10,229.26,North,John Smith,,2292.6
ORD0295,2024-09-01,Webcam,6,323.28,West,Unknown,Cancelled,1939.68
ORD0296,2024-01-09,Monitor,2,663.26,South,Unknown,,1326.52
ORD0297,2024-06-27,Monitor,8,481.58,West,María García,Completed,3852.64
ORD0298,2024-07-25,Keyboard,3,713.19,West,François Müller,Completed,2139.57
ORD0299,2023-05-22,Monitor,9,809.45,South,John Smith,Completed,7285.05
ORD0300,2024-02-11,Webcam,4,710.22,South,María García,Pending,2840.88
ORD0301,2024-01-03,Webcam,6,193.84,North,John Smith,Pending,1163.04
ORD0302,2023-05-04,Laptop,2,731.99,East,Unknown,Completed,1463.98
ORD0303,2024-01-15,Laptop,7,563.54,North,André Silva,Cancelled,3944.78
ORD0304,2023-12-16,Headphones,10,981.54,West,John Smith,Cancelled,9815.4
ORD0305,2023-05-16,Monitor,8,974.57,East,María García,Pending,7796.56
ORD0306,2024-12-07,Keyboard,1,967.33,South,María García,Completed,967.33
ORD0307,2024-12-09,Webcam,9,26.6,East,María García,,239.4
ORD0308,2024-02-06,Headphones,7,766.01,West,François Müller,,5362.07
ORD0309,2023-02-05,Mouse,6,611.46,East,Unknown,Completed,3668.76
ORD0310,2023-08-19,Mouse,9,574.85,North,André Silva,Completed,5173.65
ORD0311,2024-03-21,Laptop,4,817.09,North,María García,Completed,3268.36
ORD0312,2024-10-03,Mouse,6,582.55,North,Unknown,Pending,3495.3
ORD0313,2024-12-13,Mouse,5,507.11,East,André Silva,,2535.55
ORD0314,2024-05-07,Headphones,8,991.86,South,John Smith,,7934.88
ORD0315,2024-04-25,Headphones,9,180.61,South,Unknown,Pending,1625.49
ORD0316,2024-02-20,Monitor,3,233.11,North,Unknown,,699.33
ORD0317,2023-08-05,Monitor,1,409.38,West,María García,Cancelled,409.38
ORD0318,2024-04-18,Monitor,6,570.18,West,John Smith,Cancelled,3421.08
ORD0319,2023-07-25,Headphones,10,210.44,North,Unknown,Completed,2104.4
ORD0320,2024-05-08,Webcam,9,615.39,South,François Müller,Cancelled,5538.51
ORD0321,2024-04-11,Monitor,4,756.61,East,André Silva,Cancelled,3026.44
ORD0322,2023-02-25,Mouse,6,808.07,North,André Silva,Pending,4848.42
ORD0323,2023-05-23,Monitor,5,559.81,North,Unknown,Cancelled,2799.05
ORD0324,2023-09-30,Mouse,5,632.29,South,André Silva,Pending,3161.45
ORD0325,2023-04-18,Headphones,7,502.7,East,John Smith,Completed,3518.9
ORD0326,2024-10-17,Keyboard,6,327.78,West,François Müller,Completed,1966.68
ORD0327,2024-11-13,Keyboard,4,91.5,North,John Smith,Pending,366.0
ORD0328,2023-12-07,Mouse,4,412.11,North,François Müller,Completed,1648.44
ORD0329,2024-08-01,Keyboard,2,146.67,West,John Smith,Completed,293.34
ORD0330,2024-09-18,Monitor,8,897.25,North,Unknown,,7178.0
ORD0331,2024-11-30,Monitor,1,38.71,North,André Silva,Cancelled,38.71
ORD0332,2023-02-16,Headphones,1,945.76,North,María García,Pending,945.76
ORD0333,2024-12-14,Keyboard,10,771.41,West,María García,Completed,7714.1
ORD0334,2023-08-16,Laptop,5,11.36,North,André Silva,Pending,56.8
ORD0335,2023-02-18,Webcam,3,732.31,East,María García,Cancelled,2196.93
ORD0336,2023-02-25,Headphones,4,757.07,North,Unknown,Completed,3028.28
ORD0337,2023-06-18,Keyboard,10,917.3,South,John Smith,Pending,9173.0
ORD0338,2024-11-30,Mouse,10,431.6,West,María García,Cancelled,4316.0
ORD0339,2023-07-14,Webcam,10,617.38,North,François Müller,Completed,6173.8
ORD0340,2024-01-17,Webcam,3,253.01,East,Unknown,Pending,759.03
ORD0341,2024-06-18,Monitor,1,275.3,West,John Smith,Cancelled,275.3
ORD0342,2023-06-13,Keyboard,7,101.19,East,François Müller,Completed,708.33
ORD0343,2023-05-22,Headphones,1,684.05,West,François Müller,Pending,684.05
ORD0344,2023-05-02,Monitor,6,597.45,South,John Smith,Pending,3584.7
ORD0345,2024-02-21,Monitor,7,609.21,West,André Silva,Cancelled,4264.47
ORD0346,2024-01-21,Keyboard,4,692.78,South,John Smith,Completed,2771.12
ORD0347,2024-11-27,Mouse,9,147.56,West,John Smith,Pending,1328.04
ORD0348,2024-12-22,Headphones,3,834.08,South,María García,Pending,2502.24
ORD0349,2024-02-20,Monitor,9,236.28,North,François Müller,Completed,2126.52
ORD0350,2024-01-30,Headphones,3,925.43,West,François Müller,Pending,2776.29
ORD0351,2024-08-05,Monitor,2,980.23,North,John Smith,Cancelled,1960.46
ORD0352,2024-07-04,Headphones,6,774.21,North,André Silva,Cancelled,4645.26
ORD0353,2023-01-10,Webcam,3,752.9,South,María García,,2258.7
ORD0354,2023-10-11,Laptop,1,349.38,South,Unknown,Pending,349.38
ORD0355,2023-01-16,Keyboard,6,815.93,South,André Silva,Completed,4895.58
ORD0356,2023-12-02,Monitor,8,617.22,South,André Silva,Completed,4937.76
ORD0357,2023-01-30,Webcam,1,173.54,West,John Smith,Pending,173.54
ORD0358,2023-01-04,Laptop,6,938.16,South,André Silva,Completed,5628.96
ORD0359,2023-04-04,Keyboard,9,517.3,East,Unknown,Pending,4655.7
ORD0360,2023-05-28,Keyboard,1,673.73,West,John Smith,Cancelled,673.73
ORD0361,2024-07-29,Laptop,7,993.45,South,John Smith,Cancelled,6954.15
ORD0362,2023-04-24,Mouse,3,765.26,East,Unknown,,2295.78
ORD0363,2024-05-09,Webcam,2,927.0,South,Unknown,,1854.0
ORD0364,2024-07-23,Laptop,9,142.35,South,François Müller,Cancelled,1281.15
ORD0365,2023-12-03,Monitor,1,852.98,East,François Müller,Completed,852.98
ORD0366,2024-10-16,Mouse,1,601.3,South,María García,Pending,601.3
ORD0367,2023-07-22,Monitor,9,53.47,South,María García,Completed,481.23
ORD0368,2023-06-07,Laptop,6,898.81,North,María García,,5392.86
ORD0369,2023-12-12,Webcam,5,714.0,South,François Müller,Cancelled,3570.0
ORD0370,2024-05-11,Headphones,8,305.31,North,André Silva,Pending,2442.48
ORD0371,2023-12-11,Keyboard,6,926.69,North,Unknown,Cancelled,5560.14
ORD0372,2024-04-29,Headphones,6,312.79,South,François Müller,Completed,1876.74
ORD0373,2023-06-16,Laptop,5,709.16,South,María García,Cancelled,3545.8
ORD0374,2023-09-08,Webcam,3,866.02,North,John Smith,Completed,2598.06
ORD0375,2024-11-25,Mouse,1,938.15,South,María García,Cancelled,938.15
ORD0376,2024-04-22,Webcam,2,713.86,West,André Silva,Cancelled,1427.72
ORD0377,2024-04-18,Keyboard,10,151.5,North,François Müller,Cancelled,1515.0
ORD0378,2023-08-25,Mouse,1,195.34,North,André Silva,Completed,195.34
ORD0379,2023-11-28,Headphones,8,449.68,East,Unknown,Completed,3597.44
ORD0380,2023-01-24,Monitor,2,906.39,East,Unknown,,1812.78
ORD0381,2024-12-03,Laptop,9,428.33,West,Unknown,Cancelled,3854.97
ORD0382,2024-01-31,Mouse,4,827.8,West,John Smith,Completed,3311.2
ORD0383,2023-08-08,Keyboard,9,727.82,West,Unknown,,6550.38
ORD0384,2024-01-22,Webcam,6,272.46,East,François Müller,Cancelled,1634.76
ORD0385,2023-02-23,Monitor,2,801.49,East,André Silva,Cancelled,1602.98
ORD0386,2023-06-27,Keyboard,7,254.59,North,María García,Cancelled,1782.13
ORD0387,2023-08-13,Monitor,9,817.2,West,Unknown,,7354.8
ORD0388,2023-09-06,Keyboard,1,886.4,North,María García,Pending,886.4
ORD0389,2023-11-27,Headphones,3,713.94,West,André Silva,,2141.82
ORD0390,2024-04-18,Monitor,10,893.81,North,André Silva,Cancelled,8938.1
ORD0391,2024-02-19,Monitor,8,636.4,South,John Smith,Pending,5091.2
ORD0392,2023-06-20,Mouse,5,361.24,East,André Silva,Cancelled,1806.2
ORD0393,2024-02-14,Headphones,1,743.66,North,Unknown,Pending,743.66
ORD0394,2024-11-25,Headphones,6,957.95,South,John Smith,,5747.7
ORD0395,2024-03-01,Keyboard,10,691.18,South,François Müller,Pending,6911.8
ORD0396,2023-01-18,Headphones,5,425.42,North,John Smith,Completed,2127.1
ORD0397,2023-12-22,Monitor,7,832.35,South,François Müller,,5826.45
ORD0398,2023-10-03,Keyboard,9,73.2,South,María García,Pending,658.8
ORD0399,2024-03-21,Webcam,7,430.09,West,Unknown,Cancelled,3010.63
ORD0400,2023-08-19,Webcam,2,700.76,North,François Müller,Cancelled,1401.52
ORD0401,2023-11-29,Webcam,7,164.09,North,André Silva,Pending,1148.63
ORD0402,2024-04-03,Laptop,6,15.16,West,Unknown,Pending,90.96
ORD0403,2023-01-16,Headphones,1,940.76,North,John Smith,Completed,940.76
ORD0404,2024-06-29,Laptop,9,424.19,South,André Silva,,3817.71
ORD0405,2023-07-13,Webcam,1,20.08,South,John Smith,Pending,20.08
ORD0406,2024-02-29,Webcam,2,149.94,East,Unknown,Pending,299.88
ORD0407,2024-08-06,Mouse,5,79.59,West,François Müller,,397.95
ORD0408,2023-06-09,Keyboard,5,109.78,East,André Silva,Cancelled,548.9
ORD0409,2024-12-31,Headphones,3,332.3,East,André Silva,,996.9
ORD0410,2024-12-18,Headphones,8,167.17,West,André Silva,Cancelled,1337.36
ORD0411,2023-05-13,Laptop,1,120.86,South,María García,Completed,120.86
ORD0412,2024-08-12,Monitor,2,106.04,West,John Smith,Cancelled,212.08
ORD0413,2024-11-17,Headphones,2,483.19,South,Unknown,,966.38
ORD0414,2023-07-06,Laptop,6,398.97,West,Unknown,Pending,2393.82
ORD0415,2024-08-31,Headphones,6,780.39,West,John Smith,Pending,4682.34
ORD0416,2024-06-09,Mouse,4,410.73,West,André Silva,,1642.92
ORD0417,2023-07-05,Monitor,1,936.41,West,María García,Completed,936.41
ORD0418,2024-08-10,Mouse,4,596.25,East,François Müller,Completed,2385.0
ORD0419,2023-02-11,Mouse,8,86.99,East,Unknown,Completed,695.92
ORD0420,2024-08-21,Keyboard,8,232.08,East,María García,Cancelled,1856.64
ORD0421,2024-01-02,Mouse,2,636.38,West,André Silva,,1272.76
ORD0422,2024-10-18,Keyboard,9,845.35,South,François Müller,Completed,7608.15
ORD0423,2024-04-13,Laptop,5,475.42,West,John Smith,Cancelled,2377.1
ORD0424,2024-08-08,Headphones,5,398.21,South,María García,,1991.05
ORD0425,2023-06-06,Laptop,7,102.89,South,María García,Completed,720.23
ORD0426,2024-04-03,Headphones,1,402.38,West,John Smith,,402.38
ORD0427,2023-05-25,Laptop,10,486.68,East,María García,Cancelled,4866.8
ORD0428,2023-03-04,Webcam,10,292.29,South,François Müller,Cancelled,2922.9
ORD0429,2023-05-10,Headphones,9,277.73,South,François Müller,Pending,2499.57
ORD0430,2024-12-15,Monitor,4,886.21,West,Unknown,Pending,3544.84
ORD0431,2023-03-05,Monitor,6,353.35,West,John Smith,,2120.1
ORD0432,2024-03-14,Laptop,7,986.04,East,François Müller,,6902.28
ORD0433,2023-06-17,Monitor,5,918.41,East,François Müller,,4592.05
ORD0434,2024-02-27,Monitor,9,73.44,East,André Silva,Cancelled,660.96
ORD0435,2023-05-12,Webcam,9,190.83,South,André Silva,Pending,1717.47
ORD0436,2023-04-16,Mouse,3,348.83,East,André Silva,,1046.49
ORD0437,2023-03-19,Mouse,2,254.94,South,André Silva,,509.88
ORD0438,2023-07-23,Mouse,8,385.12,North,Unknown,,3080.96
ORD0439,2024-08-12,Headphones,2,771.72,North,François Müller,Pending,1543.44
ORD0440,2024-03-21,Laptop,6,628.36,West,John Smith,,3770.16
ORD0441,2024-07-04,Headphones,9,517.01,West,John Smith,,4653.09
ORD0442,2023-04-12,Laptop,1,939.8,North,Unknown,Cancelled,939.8
ORD0443,2024-04-28,Keyboard,5,532.15,North,André Silva,Completed,2660.75
ORD0444,2024-08-24,Monitor,4,476.73,North,María García,Pending,1906.92
ORD0445,2024-12-15,Headphones,1,742.69,West,Unknown,Pending,742.69
ORD0446,2024-07-06,Keyboard,2,560.48,West,John Smith,Cancelled,1120.96
ORD0447,2024-09-10,Mouse,10,359.69,West,André Silva,Cancelled,3596.9
ORD0448,2024-10-24,Keyboard,2,294.03,South,John Smith,Pending,588.06
ORD0449,2024-02-21,Mouse,9,450.49,South,François Müller,Pending,4054.41
ORD0450,2023-08-02,Webcam,10,980.62,South,André Silva,,9806.2
ORD0451,2023-10-02,Webcam,4,988.57,East,André Silva,Pending,3954.28
ORD0452,2023-12-13,Headphones,10,662.82,South,John Smith,Completed,6628.2
ORD0453,2024-02-26,Monitor,8,446.38,West,John Smith,Cancelled,3571.04
ORD0454,2023-11-18,Laptop,1,798.64,West,María García,Completed,798.64
ORD0455,2023-07-10,Keyboard,10,915.19,West,François Müller,Completed,9151.9
ORD0456,2023-01-25,Mouse,7,249.47,North,Unknown,,1746.29
ORD0457,2024-04-25,Mouse,2,252.21,North,François Müller,Pending,504.42
ORD0458,2024-08-02,Webcam,9,339.41,North,François Müller,,3054.69
ORD0459,2023-04-16,Monitor,9,290.12,North,André Silva,,2611.08
ORD0460,2024-02-20,Headphones,9,97.0,South,François Müller,,873.0
ORD0461,2024-05-06,Mouse,9,188.16,South,John Smith,,1693.44
ORD0462,2023-07-11,Laptop,5,87.58,West,María García,Pending,437.9
ORD0463,2024-12-30,Headphones,1,736.93,South,André Silva,,736.93
ORD0464,2023-12-04,Monitor,4,412.16,West,María García,Cancelled,1648.64
ORD0465,2024-07-09,Laptop,4,800.03,West,André Silva,,3200.12
ORD0466,2023-05-11,Mouse,8,53.98,East,Unknown,,431.84
ORD0467,2024-08-16,Laptop,4,575.26,East,François Müller,Pending,2301.04
ORD0468,2023-04-17,Webcam,4,583.28,West,Unknown,,2333.12
ORD0469,2024-02-28,Monitor,6,571.26,South,François Müller,Completed,3427.56
ORD0470,2023-04-26,Laptop,4,770.52,North,François Müller,Pending,3082.08
ORD0471,2023-01-29,Webcam,10,636.22,South,Unknown,,6362.2
ORD0472,2023-06-18,Laptop,4,809.03,North,François Müller,Cancelled,3236.12
ORD0473,2023-05-30,Mouse,8,268.68,North,Unknown,Completed,2149.44
ORD0474,2023-02-11,Monitor,8,702.71,South,François Müller,,5621.68
ORD0475,2024-02-06,Keyboard,3,128.22,South,Unknown,Pending,384.66
ORD0476,2024-11-23,Headphones,6,541.68,South,María García,Completed,3250.08
ORD0477,2023-02-18,Headphones,10,284.25,West,François Müller,Pending,2842.5
ORD0478,2023-08-19,Monitor,5,712.33,North,John Smith,Completed,3561.65
ORD0479,2024-12-10,Headphones,2,489.54,North,François Müller,Completed,979.08
ORD0480,2023-06-30,Mouse,6,771.71,North,André Silva,Pending,4630.26
ORD0481,2023-05-24,Webcam,8,178.4,North,Unknown,Completed,1427.2
ORD0482,2023-10-29,Headphones,10,89.11,West,Unknown,Cancelled,891.1
ORD0483,2024-08-25,Mouse,3,807.48,East,María García,,2422.44
ORD0484,2023-03-12,Monitor,7,580.86,North,John Smith,Completed,4066.02
ORD0485,2024-07-08,Headphones,3,198.43,South,Unknown,Cancelled,595.29
ORD0486,2023-01-14,Keyboard,8,173.97,South,André Silva,Cancelled,1391.76
ORD0487,2023-06-04,Laptop,9,58.8,South,María García,Cancelled,529.2
ORD0488,2024-01-18,Keyboard,8,846.68,East,John Smith,Completed,6773.44
ORD0489,2023-11-19,Monitor,5,347.02,North,Unknown,Cancelled,1735.1
ORD0490,2023-05-21,Monitor,2,908.31,South,François Müller,Pending,1816.62
ORD0491,2023-07-28,Mouse,8,725.62,South,John Smith,Cancelled,5804.96
ORD0492,2024-03-12,Laptop,4,663.51,North,André Silva,Completed,2654.04
ORD0493,2024-03-15,Headphones,6,682.98,West,María García,Completed,4097.88
ORD0494,2024-10-01,Laptop,6,520.62,South,María García,Pending,3123.72
ORD0495,2024-01-14,Mouse,5,606.37,North,John Smith,Cancelled,3031.85
ORD0496,2023-04-25,Monitor,8,191.18,West,John Smith,Cancelled,1529.44
ORD0497,2024-07-01,Laptop,4,478.61,North,Unknown,Completed,1914.44
ORD0498,2024-07-18,Keyboard,4,710.95,North,François Müller,Pending,2843.8
ORD0499,2024-08-05,Webcam,9,962.85,North,Unknown,Completed,8665.65
ORD0500,2024-05-27,Monitor,2,348.31,East,François Müller,Pending,696.62
